First Name,Last Name,Gender,Marital Status,Age
Elian,Riley,Male,Single,100
Adele,Elliott,Female,Married,82
Briony,Anderson,Female,Single,99
Miller,Stewart,Male,Married,26
Haris,Payne,Male,Single,25
Byron,Moore,Male,Single,25
Jack,Harrison,Male,Single,48
Carina,Crawford,Female,Married,65
Adrianna,Bennett,Female,Married,58
David,Perry,Male,Married,81
Amber,Williams,Female,Single,77
Ashton,Kelley,Male,Single,20
Alford,Brown,Male,Married,33
Max,Cooper,Male,Single,78
Tony,Richards,Male,Single,63
Kristian,Mason,Male,Single,22
Tess,Hill,Female,Married,89
Steven,Brown,Male,Married,69
April,Hunt,Female,Married,53
Vivian,Payne,Female,Single,101
Aston,Bennett,Male,Married,56
Nicholas,Carter,Male,Married,52
William,Scott,Male,Single,44
Charlotte,Morris,Female,Single,43
Amelia,Hunt,Female,Single,33
Luke,Mason,Male,Married,96
Brad,Spencer,Male,Single,42
Tony,Phillips,Male,Married,36
Ned,Rogers,Male,Married,19
Vivian,Wells,Female,Married,68
Jacob,Allen,Male,Single,21
Eleanor,Chapman,Female,Married,65
Kellan,Ferguson,Male,Married,76
Lily,Foster,Female,Single,47
Thomas,Thompson,Male,Married,54
Caroline,Richardson,Female,Married,105
Isabella,Armstrong,Female,Single,48
Adrian,Thompson,Male,Single,37
Amber,Bennett,Female,Single,88
Grace,Gibson,Female,Married,21
Alford,Elliott,Male,Single,82
Paige,Ellis,Female,Married,110
Madaline,Wright,Female,Single,22
Abraham,Brown,Male,Single,77
Catherine,Ross,Female,Married,78
Edith,Russell,Female,Married,21
Isabella,Sullivan,Female,Single,110
Steven,Howard,Male,Single,33
Miley,Perkins,Female,Married,102
Arthur,Taylor,Male,Single,111
Edwin,Taylor,Male,Single,71
Camila,Edwards,Female,Single,76
Reid,Cooper,Male,Single,109
Maximilian,Richardson,Male,Single,77
Sarah,Mitchell,Female,Single,76
Kelvin,Chapman,Male,Single,62
Brianna,Harrison,Female,Single,33
Edwin,Hill,Male,Single,52
Frederick,Turner,Male,Single,84
Henry,Harper,Male,Single,107
Roman,Lloyd,Male,Married,18
Hailey,Dixon,Female,Single,93
Eleanor,Hawkins,Female,Married,98
Adrian,Williams,Male,Single,44
Nicole,Barnes,Female,Single,74
Miller,West,Male,Married,83
Victor,Alexander,Male,Married,30
Carina,Montgomery,Female,Single,93
Darcy,Ellis,Female,Married,41
Connie,Smith,Female,Single,69
Frederick,Mason,Male,Married,87
Brad,Alexander,Male,Married,105
Carina,Stevens,Female,Married,87
Frederick,Russell,Male,Single,104
Edith,Perry,Female,Single,72
Connie,Cunningham,Female,Single,19
Hailey,Kelley,Female,Single,98
Adrian,Wells,Male,Single,81
Gianna,Ryan,Female,Married,52
Arianna,West,Female,Married,75
Daisy,Tucker,Female,Single,23
Kelsey,Lloyd,Female,Married,41
Sofia,Ross,Female,Married,63
Maya,Hunt,Female,Single,64
Jessica,Cooper,Female,Married,105
Daryl,Phillips,Male,Married,50
Catherine,Hamilton,Female,Single,56
Chester,Morris,Male,Single,23
Alissa,Hill,Female,Married,59
Julian,Andrews,Male,Single,77
Lucia,Smith,Female,Married,59
Connie,Johnson,Female,Single,96
Rosie,Watson,Female,Single,39
Arthur,Riley,Male,Married,20
Eddy,Bennett,Male,Single,64
Alexander,Cameron,Male,Married,103
Cherry,Henderson,Female,Married,85
Roland,Martin,Male,Single,37
Fenton,Gibson,Male,Single,84
Tony,Ellis,Male,Married,63